evidence_id,evidence_name,evidence_type,source_name,source_url,source_accessed_date,start_timestamp,end_timestamp,timezone,location_name,precinct,latitude,longitude,spatial_scope,expected_pedestrian_impact,expected_direction,evidence_confidence,notes,created_by,created_at
ME_20250101_NYE_FIREWORKS_001,MEL NYE 2024 MIDNIGHT ROOFTOP FIREWORKS AND LASER DISPLAY,MAJOR_EVENT,ABC_NEWS,"https://www.abc.net.au/news/2024-12-31/new-years-eve-celebrations-2024-australia/104770858",2026-07-07,2025-01-01T00:00:00+11:00,2025-01-01T00:07:00+11:00,Australia/Melbourne,MEL CBD,MEL CBD,,,NETWORK_WIDE,INCREASE,ABOVE_BASELINE,HIGH,"Strong match: event starts at candidate window start; Melbourne CBD/network-wide location matches multiple CBD sensors; NYE crowd event supports above-baseline direction; strong explanatory value for early post-midnight activity and crowd dispersal, though fireworks lasted only 7 minutes.",SIYANG,2026-07-07T21:37:00+10.00
ME_20250101_NYE_002,CITY OF MEL NYE 2024,MAJOR_EVENT,VIC_GOV,"https://www.melbourne.vic.gov.au/media/new-years-eve-set-dazzle-melbourne",2026-07-07,2024-12-31T18:00:00+11:00,2025-01-01T01:00:00+11:00,Australia/Melbourne,MEL CBD,MEL CBD,,,NETWORK_WIDE,INCREASE,ABOVE_BASELINE,HIGH,"Partial time match: the City of Melbourne NYE 2024 event window overlaps the early 00:00-01:00 part of the candidate window; location match is strong: MEL CBD / NETWORK_WIDE aligns with multiple CBD sensors; direction match is strong: a major NYE event and crowd dispersal support above-baseline pedestrian activity; explanatory strength is strong, but mainly for the early window and post-event dispersal, not the full period through 05:00.",SIYANG,2026-07-07T21:52:00+10.00
ME_20250101_NYE_ROAD_CLOSURES_003,MEL NYE 2024 ROAD CLOSURES,ROAD_CLOSURE,PREMIER_OF_VICTORIA,"https://www.premier.vic.gov.au/go-safely-or-go-home-new-years-eve",2026-07-07,2024-12-31T16:00:00+11:00,2025-01-01T04:00:00+11:00,Australia/Melbourne,MEL_CBD,MEL_CBD,,,NETWORK_WIDE,INCREASE,ABOVE_BASELINE,MEDIUM,"Strong time match: closures cover 00:00-04:00; strong location match: MEL_CBD/NETWORK_WIDE aligns with multiple CBD sensors; direction is reasonable: NYE closures support crowd dispersal and route redistribution, consistent with above-baseline; medium explanatory strength, not enough alone to explain through 05:00.",SIYANG,2026-07-07T22:07:00+10.00
ME_20250101_NYE_PUBLIC_TRANSPORT_004,MEL NYE 2024 PUBLIC TRANSPORT,PUBLIC_TRANSPORT,TRANSPORT_VIC,"https://transport.vic.gov.au/news-and-resources/events-and-public-transport/new-years-eve",2026-07-07,2024-12-31T18:00:00+11:00,2025-01-01T06:00:00+11:00,Australia/Melbourne,MEL_CBD,MEL_CBD,,,NETWORK_WIDE,INCREASE,ABOVE_BASELINE,HIGH,"Strong time match: free/extra public transport covers 18:00-06:00 and fully overlaps the candidate window; strong location match: CBD stations and tram corridors align with multiple CBD sensors; direction supports above-baseline through NYE inbound/outbound crowd movement; high explanatory value for sustained post-midnight dispersal.",SIYANG,2026-07-07T22:10:00+10.00
ME_20250101_NYE_EARLY_MORNING_CROWD_005,MEL CBD NEW YEAR'S DAY 2025 EARLY MORNING CROWD,CROWD_OBSERVATION,THE_GUARDIAN,"https://www.theguardian.com/australia-news/gallery/2025/jan/01/new-years-eve-fireworks-celebrations-australia-in-pictures",2026-07-07,2025-01-01T00:00:00+11:00,2025-01-01T03:00:00+11:00,Australia/Melbourne,MEL_CBD,MEL_CBD,,,NETWORK_WIDE,INCREASE,ABOVE_BASELINE,HIGH,"Strong match: post-midnight CBD crowd evidence overlaps 00:00-03:00; Melbourne CBD/Flinders Street matches multiple CBD sensors; concentrated departure crowds support above-baseline; strong early-window explanation, not a precise count through 05:00.",SIYANG,2026-07-07T22:20:00+10:00
ME_20250101_PUBLIC_HOLIDAY_006,VICTORIA NEW YEAR'S DAY PUBLIC HOLIDAY 2025,PUBLIC_HOLIDAY,BUSINESS_VICTORIA,"https://business.vic.gov.au/business-information/public-holidays/victorian-public-holidays-2025",2026-07-08,2025-01-01T00:00:00+11:00,2025-01-02T00:00:00+11:00,Australia/Melbourne,VICTORIA,STATE_WIDE,,,STATE_WIDE,DECREASE,BELOW_BASELINE,HIGH,"Strong date match: New Year's Day public holiday applies all day; state-wide scope supports reduced normal Wednesday CBD commuter/business demand; strong support for below-baseline morning activity after NYE dispersal.",SIYANG,2026-07-08T21:30:00+10:00
ME_20250101_PUBLIC_HOLIDAY_BUSINESS_CLOSURE_007,AUSTRALIA PUBLIC HOLIDAY OFFICE AND SHOP CLOSURE PATTERN,BUSINESS_CLOSURE,TOURISM_AUSTRALIA,"https://www.australia.com/en-sg/facts-and-planning/when-to-go/australian-public-holidays.html",2026-07-08,2025-01-01T06:00:00+11:00,2025-01-01T10:00:00+11:00,Australia/Melbourne,VICTORIA,STATE_WIDE,,,STATE_WIDE,DECREASE,BELOW_BASELINE,MEDIUM,"Conceptual match: public holidays commonly reduce office, banking and some retail activity; this supports lower weekday-morning CBD demand during 06:00-10:00, but it is not a direct pedestrian count.",SIYANG,2026-07-08T21:30:00+10:00
ME_20250101_BANK_CLOSURE_008,NEW YEAR'S DAY 2025 NATIONAL BANK CLOSURE,BUSINESS_CLOSURE,ANZ,"https://www.anz.com/content/dam/anzcom/pdf/institutional/australian-public-holidays-2025.pdf",2026-07-08,2025-01-01T06:00:00+11:00,2025-01-01T10:00:00+11:00,Australia/Melbourne,VICTORIA,STATE_WIDE,,,STATE_WIDE,DECREASE,BELOW_BASELINE,MEDIUM,"Strong date match: New Year's Day bank closure supports reduced CBD banking and professional-services activity in the normal morning window; medium explanatory value because it is sector-specific, not a direct CBD footfall measure.",SIYANG,2026-07-08T21:30:00+10:00
ME_20250101_NYE_PUBLIC_TRANSPORT_CUTOFF_009,MEL NYE 2024 FREE PUBLIC TRANSPORT ENDS AT 6AM,PUBLIC_TRANSPORT,PREMIER_OF_VICTORIA,"https://www.premier.vic.gov.au/free-public-transport-christmas-season",2026-07-08,2025-01-01T06:00:00+11:00,2025-01-01T10:00:00+11:00,Australia/Melbourne,MEL_CBD,MEL_CBD,,,NETWORK_WIDE,DECREASE,BELOW_BASELINE,MEDIUM,"Strong boundary match: special NYE free transport ends at 06:00, so 06:00-10:00 is post-dispersal rather than active event movement; supports below-baseline when combined with public holiday suppression.",SIYANG,2026-07-08T21:30:00+10:00
ME_20250101_QVM_PUBLIC_HOLIDAY_CLOSURE_010,QUEEN VICTORIA MARKET NEW YEAR'S DAY PUBLIC HOLIDAY CLOSURE,BUSINESS_CLOSURE,QUEEN_VICTORIA_MARKET,"https://qvm.com.au/education/planning-your-visit/",2026-07-08,2025-01-01T06:00:00+11:00,2025-01-01T10:00:00+11:00,Australia/Melbourne,QUEEN_VICTORIA_MARKET,QVM_PRECINCT,,,SITE_SPECIFIC,DECREASE,BELOW_BASELINE,LOW,"Local match: QVM closure supports reduced activity near the QVM sensor area; low explanatory value for the full network-wide candidate because the effect is site-specific rather than CBD-wide.",SIYANG,2026-07-08T21:30:00+10:00
ME_20250101_SCHOOL_HOLIDAY_011,VICTORIA SUMMER SCHOOL HOLIDAY ON NEW YEAR'S DAY 2025,SCHOOL_HOLIDAY,VIC_GOV,"https://www.vic.gov.au/school-term-dates-and-holidays-victoria",2026-07-08,2025-01-01T06:00:00+11:00,2025-01-01T10:00:00+11:00,Australia/Melbourne,VICTORIA,STATE_WIDE,,,STATE_WIDE,DECREASE,BELOW_BASELINE,MEDIUM,"Supporting calendar match: 1 January falls within the Victorian summer school holiday period; supports reduced school-related morning movement, but this is secondary evidence rather than a standalone CBD footfall explanation.",SIYANG,2026-07-08T21:30:00+10:00
ME_20250106_AO_QUALIFYING_012,AUSTRALIAN OPEN 2025 QUALIFYING STARTS AT MELBOURNE PARK,MAJOR_EVENT,AUSTRALIAN_OPEN,"https://ausopen.com/articles/news/australian-open-2025-provisional-schedule-plan-your-three-weeks-melbourne-park",2026-07-08,2025-01-06T07:00:00+11:00,2025-01-06T09:00:00+11:00,Australia/Melbourne,MELBOURNE_PARK,MELBOURNE_PARK,,,PRECINCT,DECREASE,BELOW_BASELINE,HIGH,"Strong contextual match: AO qualifying starts on 6 Jan at Melbourne Park, creating a competing destination outside the CBD-core sensor network; this supports reduced normal CBD morning movement and aligns with the below-baseline direction.",SIYANG,2026-07-08T22:30:00+10:00
ME_20250106_RAIN_COOL_MORNING_013,MELBOURNE 6 JAN 2025 RAIN AND COOL DAY,WEATHER,BOM,"https://www.bom.gov.au/climate/current/month/vic/archive/202501.melbourne.shtml",2026-07-08,2025-01-06T07:00:00+11:00,2025-01-06T09:00:00+11:00,Australia/Melbourne,MELBOURNE,MELBOURNE,,,CITY_WIDE,DECREASE,BELOW_BASELINE,MEDIUM,"Strong time match: candidate weather metrics show rain/disruption during 07:00-09:00; city-wide weather context supports reduced outdoor walking; direction matches below-baseline, with medium explanatory value because rainfall is supportive but not enough alone.",SIYANG,2026-07-08T22:30:00+10:00
ME_20250106_SCHOOL_HOLIDAY_014,VICTORIA SUMMER SCHOOL HOLIDAY ON 6 JAN 2025,SCHOOL_HOLIDAY,VIC_GOV,"https://www.vic.gov.au/school-term-dates-and-holidays-victoria",2026-07-08,2025-01-06T07:00:00+11:00,2025-01-06T09:00:00+11:00,Australia/Melbourne,VICTORIA,STATE_WIDE,,,STATE_WIDE,DECREASE,BELOW_BASELINE,LOW,"Date match: 6 Jan falls before the 2025 Term 1 student start, so school-related morning movement is reduced; low explanatory value for CBD-wide anomaly because CBD commute is not mainly school travel, but it reinforces a suppressed morning baseline.",SIYANG,2026-07-08T22:30:00+10:00
ME_20250127_AUSTRALIA_DAY_OBSERVED_015,VICTORIA AUSTRALIA DAY PUBLIC HOLIDAY OBSERVED 2025,PUBLIC_HOLIDAY,BUSINESS_VICTORIA,"https://business.vic.gov.au/business-information/public-holidays/victorian-public-holidays-2025",2026-07-08,2025-01-27T00:00:00+11:00,2025-01-28T00:00:00+11:00,Australia/Melbourne,VICTORIA,STATE_WIDE,,,STATE_WIDE,DECREASE,BELOW_BASELINE,HIGH,"Strong date match: Australia Day public holiday is observed on Monday 27 Jan 2025; state-wide holiday status suppresses normal Monday CBD commuter/business demand, supporting below-baseline during 05:00-09:00.",SIYANG,2026-07-08T22:45:00+10:00
ME_20250127_AUSTRALIA_DAY_PUBLIC_HOLIDAY_016,AUSTRALIA DAY PUBLIC HOLIDAY 27 JAN 2025 VICTORIA,PUBLIC_HOLIDAY,FAIR_WORK,"https://www.fairwork.gov.au/employment-conditions/public-holidays/2025-public-holidays",2026-07-08,2025-01-27T00:00:00+11:00,2025-01-28T00:00:00+11:00,Australia/Melbourne,VICTORIA,STATE_WIDE,,,STATE_WIDE,DECREASE,BELOW_BASELINE,HIGH,"Strong corroborating match: Fair Work lists Monday 27 Jan 2025 as Australia Day in Victoria; this supports reduced normal weekday work travel and aligns with the 05:00-09:00 below-baseline direction.",SIYANG,2026-07-08T22:45:00+10:00
ME_20250127_PUBLIC_TRANSPORT_PUBLIC_HOLIDAY_017,MELBOURNE PUBLIC TRANSPORT AUSTRALIA DAY PUBLIC HOLIDAY TIMETABLE,PUBLIC_TRANSPORT,TRANSPORT_VIC,"https://www.ptv.vic.gov.au/timetables",2026-07-08,2025-01-27T05:00:00+11:00,2025-01-27T09:00:00+11:00,Australia/Melbourne,MEL_CBD,MEL_CBD,,,NETWORK_WIDE,DECREASE,BELOW_BASELINE,MEDIUM,"Time match is direct: 05:00-09:00 falls within the public holiday morning; public holiday transport patterns reduce normal weekday peak commuting into CBD stations, supporting below-baseline with medium strength.",SIYANG,2026-07-08T22:45:00+10:00
ME_20250310_LABOUR_DAY_PUBLIC_HOLIDAY_018,VICTORIA LABOUR DAY PUBLIC HOLIDAY 2025,PUBLIC_HOLIDAY,BUSINESS_VICTORIA,"https://business.vic.gov.au/business-information/public-holidays/victorian-public-holidays-2025",2026-07-08,2025-03-10T00:00:00+11:00,2025-03-11T00:00:00+11:00,Australia/Melbourne,VICTORIA,STATE_WIDE,,,STATE_WIDE,DECREASE,BELOW_BASELINE,HIGH,"Strong date match: Labour Day falls on Monday 10 Mar 2025 in Victoria; state-wide public holiday status suppresses normal Monday CBD commuter/business demand, supporting below-baseline during 06:00-09:00.",SIYANG,2026-07-08T22:55:00+10:00
ME_20250310_LABOUR_DAY_CORROBORATION_019,MELBOURNE LABOUR DAY PUBLIC HOLIDAY 2025,PUBLIC_HOLIDAY,FAIR_WORK,"https://www.fairwork.gov.au/employment-conditions/public-holidays/2025-public-holidays",2026-07-08,2025-03-10T00:00:00+11:00,2025-03-11T00:00:00+11:00,Australia/Melbourne,VICTORIA,STATE_WIDE,,,STATE_WIDE,DECREASE,BELOW_BASELINE,HIGH,"Strong corroborating match: Fair Work lists Monday 10 Mar 2025 as Labour Day in Victoria; this reinforces reduced normal weekday work travel into Melbourne CBD and aligns with the below-baseline direction.",SIYANG,2026-07-08T22:55:00+10:00
ME_20250310_LABOUR_DAY_PUBLIC_TRANSPORT_020,MELBOURNE LABOUR DAY PUBLIC HOLIDAY TRANSPORT TIMETABLE,PUBLIC_TRANSPORT,TRANSPORT_VIC,"https://www.facebook.com/transportvictoriagov/posts/due-to-the-labour-day-public-holiday-services-will-run-to-a-public-holiday-timet/1250478297191822/",2026-07-08,2025-03-10T06:00:00+11:00,2025-03-10T09:00:00+11:00,Australia/Melbourne,MEL_CBD,MEL_CBD,,,NETWORK_WIDE,DECREASE,BELOW_BASELINE,MEDIUM,"Direct time match: 06:00-09:00 falls within the Labour Day public holiday morning; public holiday transport timetable patterns support weaker normal CBD peak commuting, with medium explanatory strength.",SIYANG,2026-07-08T22:55:00+10:00
ME_20250406_DST_END_021,VICTORIA DAYLIGHT SAVING ENDS 2025,DST_TRANSITION,BUSINESS_VICTORIA,"https://business.vic.gov.au/business-information/daylight-saving",2026-07-08,2025-04-06T02:00:00+10:00,2025-04-06T07:00:00+10:00,Australia/Melbourne,VICTORIA,STATE_WIDE,,,STATE_WIDE,INCREASE,ABOVE_BASELINE,LOW,"DST ended on 6 Apr 2025, creating possible clock-hour or baseline-alignment effects around early morning; this may support the 06:00-07:00 above-baseline bucket, but it is indirect rather than a real crowd event.",SIYANG,2026-07-08T23:05:00+10:00
ME_20250406_MELBOURNE_DST_ENDED_022,MELBOURNE DAYLIGHT SAVING TIME ENDED 6 APR 2025,DST_TRANSITION,TIMEANDDATE,"https://www.timeanddate.com/time/change/australia/melbourne?year=2025",2026-07-08,2025-04-06T02:00:00+10:00,2025-04-06T07:00:00+10:00,Australia/Melbourne,MELBOURNE,MELBOURNE,,,CITY_WIDE,INCREASE,ABOVE_BASELINE,LOW,"Corroborates the Melbourne DST change on 6 Apr 2025; supports a possible timing/baseline artefact for the 06:00-07:00 bucket, but explanatory strength is low without timestamp-level validation.",SIYANG,2026-07-08T23:05:00+10:00
ME_20250418_GOOD_FRIDAY_PUBLIC_HOLIDAY_023,VICTORIA GOOD FRIDAY PUBLIC HOLIDAY 2025,PUBLIC_HOLIDAY,BUSINESS_VICTORIA,"https://business.vic.gov.au/business-information/public-holidays/victorian-public-holidays-2025",2026-07-08,2025-04-18T00:00:00+10:00,2025-04-19T00:00:00+10:00,Australia/Melbourne,VICTORIA,STATE_WIDE,,,STATE_WIDE,MIXED,UNCLEAR,LOW,"Partial time match: Good Friday starts at midnight inside the candidate window; public holiday status alone is mixed/unclear for pre-holiday overnight CBD activity, so it only gives weak context and does not directly explain above-baseline.",SIYANG,2026-07-08T23:20:00+10:00
ME_20250417_MICF_2025_024,MELBOURNE INTERNATIONAL COMEDY FESTIVAL 2025,MELBOURNE_EVENT,RMIT_CAPITOL,"https://www.rmit.edu.au/thecapitol/events/2025/march/melbourne-international-comedy-festival-2025",2026-07-08,2025-04-17T18:00:00+10:00,2025-04-18T00:00:00+10:00,Australia/Melbourne,MEL_CBD,MEL_CBD,,,NETWORK_WIDE,INCREASE,ABOVE_BASELINE,HIGH,"Strong evening match: MICF was running across Melbourne City on 17 Apr; CBD venues and evening shows align with multiple sensors and support above-baseline activity, though not the full window through 04:00.",SIYANG,2026-07-08T23:20:00+10:00
ME_20250417_EASTER_EVE_NIGHTLIFE_025,SUNDAYLICIOUS RNB EASTER LONG WEEKEND THURSDAY EVE,NIGHTLIFE_EVENT,EVENTBRITE,"https://www.eventbrite.com.au/e/sundaylicious-rnb-easter-long-weekend-thursday-eve-april-17-9pm-3am-tickets-1080058186109",2026-07-08,2025-04-17T21:00:00+10:00,2025-04-18T03:00:00+10:00,Australia/Melbourne,LA_DI_DA,MEL_CBD,,,SITE_SPECIFIC,INCREASE,ABOVE_BASELINE,MEDIUM,"Strong time match: the Easter long-weekend nightlife event runs 21:00-03:00 within the candidate window; CBD location supports above-baseline, but explanatory value is local rather than network-wide.",SIYANG,2026-07-08T23:20:00+10:00
ME_20250417_AUTUMN_SCHOOL_HOLIDAY_026,VICTORIA AUTUMN SCHOOL HOLIDAY BEFORE EASTER 2025,SCHOOL_HOLIDAY,VIC_GOV,"https://www.vic.gov.au/school-term-dates-and-holidays-victoria",2026-07-08,2025-04-05T00:00:00+10:00,2025-04-22T00:00:00+10:00,Australia/Melbourne,VICTORIA,STATE_WIDE,,,STATE_WIDE,INCREASE,ABOVE_BASELINE,LOW,"Calendar support: 17 Apr falls within the Victorian autumn school holiday period, which may add leisure and long-weekend movement; low explanatory value because the candidate is late-night CBD activity, not school commute.",SIYANG,2026-07-08T23:20:00+10:00
ME_20250425_ANZAC_DAY_PUBLIC_HOLIDAY_027,VICTORIA ANZAC DAY PUBLIC HOLIDAY 2025,PUBLIC_HOLIDAY,BUSINESS_VICTORIA,"https://business.vic.gov.au/business-information/public-holidays/victorian-public-holidays-2025",2026-07-08,2025-04-25T00:00:00+10:00,2025-04-26T00:00:00+10:00,Australia/Melbourne,VICTORIA,STATE_WIDE,,,STATE_WIDE,MIXED,UNCLEAR,LOW,"Partial context match: ANZAC Day starts at midnight inside the candidate window, but public holiday status alone is mixed for overnight CBD activity; weak context only, not the main above-baseline driver.",SIYANG,2026-07-08T23:35:00+10:00
ME_20250425_ANZAC_DAWN_SERVICE_028,MELBOURNE ANZAC DAY 2025 DAWN SERVICE,MAJOR_EVENT,AUSTRALIAN_ARMY,"https://www.army.gov.au/news-and-events/events/2025-04-25/anzac-day-2025",2026-07-08,2025-04-25T04:00:00+10:00,2025-04-25T06:30:00+10:00,Australia/Melbourne,SHRINE_OF_REMEMBRANCE,KINGS_DOMAIN,,,PRECINCT,INCREASE,ABOVE_BASELINE,HIGH,"Strong early-morning match: the 5:30 Dawn Service creates pre-service arrival movement before 05:00; Shrine/Kings Domain access routes connect to CBD sensors, supporting above-baseline.",SIYANG,2026-07-08T23:35:00+10:00
ME_20250425_ANZAC_DAWN_SERVICE_CROWD_029,MELBOURNE ANZAC DAY 2025 DAWN SERVICE CROWD,CROWD_OBSERVATION,SHRINE_OF_REMEMBRANCE,"https://www.shrine.org.au/sites/default/files/2025-11/Annual-Report-2024-25-FINAL-201025.pdf",2026-07-08,2025-04-25T04:00:00+10:00,2025-04-25T06:30:00+10:00,Australia/Melbourne,SHRINE_OF_REMEMBRANCE,KINGS_DOMAIN,,,NETWORK_WIDE,INCREASE,ABOVE_BASELINE,HIGH,"Strong crowd evidence: Shrine reported 50,000+ Dawn Service attendees in 2025; pre-dawn arrivals can lift CBD transport and walking corridors before 05:00, strongly supporting above-baseline.",SIYANG,2026-07-08T23:35:00+10:00
ME_20250425_ANZAC_PUBLIC_TRANSPORT_030,MELBOURNE ANZAC DAY 2025 PUBLIC TRANSPORT SUPPORT,PUBLIC_TRANSPORT,RSL_VIC,"https://www.facebook.com/rslvic/posts/are-you-attending-anzac-day-in-melbourne-this-year-transport-victoria-are-runnin/1348440320714019/",2026-07-08,2025-04-25T03:30:00+10:00,2025-04-25T06:30:00+10:00,Australia/Melbourne,MEL_CBD,MEL_CBD,,,NETWORK_WIDE,INCREASE,ABOVE_BASELINE,MEDIUM,"Good time match: extra/free transport support for the Dawn Service implies pre-dawn travel through CBD stations and tram corridors; supports above-baseline with medium strength.",SIYANG,2026-07-08T23:35:00+10:00
ME_20250425_ANZAC_ROAD_CLOSURES_031,MELBOURNE ANZAC DAY 2025 ROAD CLOSURES,ROAD_CLOSURE,RSL_VIC,"https://rslvic.com.au/wp-content/uploads/2025/03/rsl-victoria_mufti_april_2025.pdf",2026-07-08,2025-04-25T00:00:00+10:00,2025-04-25T14:00:00+10:00,Australia/Melbourne,MEL_CBD,MEL_CBD,,,NETWORK_WIDE,INCREASE,ABOVE_BASELINE,MEDIUM,"Time match is strong from midnight onward; CBD/St Kilda Road closures support pedestrianisation and Dawn Service access movement, consistent with above-baseline but auxiliary to the crowd evidence.",SIYANG,2026-07-08T23:35:00+10:00
ME_20250425_ANZAC_DAY_MARCH_032,MELBOURNE ANZAC DAY 2025 MARCH,MAJOR_EVENT,AUSTRALIAN_ARMY,"https://www.army.gov.au/news-and-events/events/2025-04-25/anzac-day-2025",2026-07-08,2025-04-25T09:00:00+10:00,2025-04-25T12:00:00+10:00,Australia/Melbourne,FEDERATION_SQUARE_ST_KILDA_ROAD,MEL_CBD,,,NETWORK_WIDE,INCREASE,ABOVE_BASELINE,LOW,"Same-day ANZAC context: the 9:00 March supports major CBD event conditions, but it starts after the 22:00-05:00 candidate window, so explanatory value for this overnight pulse is low.",SIYANG,2026-07-08T23:35:00+10:00
ME_20250425_ANZAC_AFTERNOON_RAIN_033,MELBOURNE ANZAC DAY 2025 AFTERNOON RAIN,WEATHER,ABC_NEWS,"https://www.abc.net.au/news/2025-04-24/anzac-day-weather-forecast-australia-long-weekend/105208632",2026-07-08,2025-04-25T14:00:00+10:00,2025-04-25T18:00:00+10:00,Australia/Melbourne,MELBOURNE,MELBOURNE,,,CITY_WIDE,DECREASE,BELOW_BASELINE,HIGH,"Strong time and direction match: candidate records rain/weather disruption during 14:00-18:00; wet ANZAC Day conditions support reduced outdoor CBD walking and align with below-baseline.",SIYANG,2026-07-08T23:50:00+10:00
ME_20250425_BOM_RAIN_OBS_034,BOM MELBOURNE 25 APR 2025 RAINFALL CONTEXT,WEATHER,BOM,"https://www.bom.gov.au/jsp/ncc/cdio/weatherData/av?p_display_type=dailyDataFile&p_nccObsCode=136&p_stn_num=086338",2026-07-08,2025-04-25T14:00:00+10:00,2025-04-25T18:00:00+10:00,Australia/Melbourne,MELBOURNE_OLYMPIC_PARK,MELBOURNE,,,CITY_WIDE,DECREASE,BELOW_BASELINE,MEDIUM,"BOM daily rainfall data provides official Melbourne station rainfall context; combined with candidate rain metrics, this supports below-baseline outdoor pedestrian activity with medium strength.",SIYANG,2026-07-08T23:50:00+10:00
ME_20250425_ANZAC_ROAD_CLOSURE_AFTERNOON_035,MELBOURNE ANZAC DAY 2025 ROAD CLOSURE AFTERNOON BOUNDARY,ROAD_CLOSURE,RSL_VIC,"https://rslvic.com.au/wp-content/uploads/2025/03/rsl-victoria_mufti_april_2025.pdf",2026-07-08,2025-04-25T05:45:00+10:00,2025-04-25T14:00:00+10:00,Australia/Melbourne,MEL_CBD,MEL_CBD,,,NETWORK_WIDE,DECREASE,BELOW_BASELINE,LOW,"Boundary match: ANZAC road closures mainly end around the candidate start; this supports post-event crowd drop-off and route normalisation, but it is weak for explaining the full 14:00-18:00 window.",SIYANG,2026-07-08T23:50:00+10:00
ME_20250425_ANZAC_PUBLIC_TRANSPORT_AFTERNOON_036,MELBOURNE ANZAC DAY 2025 PUBLIC TRANSPORT AFTERNOON RECOVERY,PUBLIC_TRANSPORT,TRANSPORT_VIC,"https://www.ptv.vic.gov.au/more/anzac-day-2025/anzac-day-free-dawn-service-shuttle-bus/",2026-07-08,2025-04-25T14:00:00+10:00,2025-04-25T18:00:00+10:00,Australia/Melbourne,MEL_CBD,MEL_CBD,,,NETWORK_WIDE,DECREASE,BELOW_BASELINE,LOW,"Afternoon transport context: special ANZAC movement was mainly tied to the Dawn Service and March, with tram disruption around St Kilda Road ending near 14:00; weak support for reduced post-event CBD movement.",SIYANG,2026-07-08T23:50:00+10:00
ME_20250425_ANZAC_POST_MARCH_DROP_037,MELBOURNE ANZAC DAY 2025 POST-MARCH AFTERNOON DROP,MAJOR_EVENT,AUSTRALIAN_ARMY,"https://www.army.gov.au/news-and-events/events/2025-04-25/anzac-day-2025",2026-07-08,2025-04-25T14:00:00+10:00,2025-04-25T18:00:00+10:00,Australia/Melbourne,MEL_CBD,MEL_CBD,,,NETWORK_WIDE,DECREASE,BELOW_BASELINE,MEDIUM,"Post-event match: the Dawn Service and March occur before the afternoon candidate window, so major ANZAC crowd demand had likely dissipated by 14:00-18:00; supports below-baseline with medium strength.",SIYANG,2026-07-08T23:50:00+10:00
ME_20250609_KINGS_BIRTHDAY_PUBLIC_HOLIDAY_038,VICTORIA KING'S BIRTHDAY PUBLIC HOLIDAY 2025,PUBLIC_HOLIDAY,BUSINESS_VICTORIA,"https://business.vic.gov.au/business-information/public-holidays/victorian-public-holidays-2025",2026-07-08,2025-06-09T00:00:00+10:00,2025-06-10T00:00:00+10:00,Australia/Melbourne,VICTORIA,STATE_WIDE,,,STATE_WIDE,DECREASE,BELOW_BASELINE,HIGH,"Strong date match: King's Birthday falls on Monday 9 Jun 2025 in Victoria; state-wide public holiday status suppresses normal Monday CBD commuter/business demand, supporting below-baseline during 05:00-09:00.",SIYANG,2026-07-09T00:05:00+10:00
ME_20250609_KINGS_BIRTHDAY_CORROBORATION_039,MELBOURNE KING'S BIRTHDAY PUBLIC HOLIDAY 2025,PUBLIC_HOLIDAY,FAIR_WORK,"https://www.fairwork.gov.au/employment-conditions/public-holidays/2025-public-holidays",2026-07-08,2025-06-09T00:00:00+10:00,2025-06-10T00:00:00+10:00,Australia/Melbourne,VICTORIA,STATE_WIDE,,,STATE_WIDE,DECREASE,BELOW_BASELINE,HIGH,"Strong corroborating match: Fair Work lists Monday 9 Jun 2025 as King's Birthday in Victoria; this reinforces reduced weekday work travel into Melbourne CBD and matches the below-baseline direction.",SIYANG,2026-07-09T00:05:00+10:00
ME_20250609_MELBOURNE_RAIN_COLD_MORNING_040,MELBOURNE KING'S BIRTHDAY 2025 RAIN AND COLD MORNING,WEATHER,BOM,"https://www.bom.gov.au/climate/dwo/202506/html/IDCJDW3050.202506.shtml",2026-07-08,2025-06-09T05:00:00+10:00,2025-06-09T09:00:00+10:00,Australia/Melbourne,MELBOURNE_OLYMPIC_PARK,MELBOURNE,,,CITY_WIDE,DECREASE,BELOW_BASELINE,MEDIUM,"Good weather match: BOM records a wet, cool 9 Jun in Melbourne and the candidate has rain/weather disruption during 05:00-09:00; this supports reduced outdoor walking, but is auxiliary to the public holiday effect.",SIYANG,2026-07-09T00:05:00+10:00
ME_20250609_KINGS_BIRTHDAY_PUBLIC_TRANSPORT_041,MELBOURNE KING'S BIRTHDAY 2025 PUBLIC HOLIDAY TRANSPORT PATTERN,PUBLIC_TRANSPORT,TRANSPORT_VIC,"https://www.facebook.com/transportvictoriagov/posts/next-mon-8-june-public-transport-services-will-run-to-a-public-holiday-timetable/1323311436575174/",2026-07-08,2025-06-09T05:00:00+10:00,2025-06-09T09:00:00+10:00,Australia/Melbourne,MEL_CBD,MEL_CBD,,,NETWORK_WIDE,DECREASE,BELOW_BASELINE,MEDIUM,"Direct morning-window match: King's Birthday public holiday transport patterns imply weaker normal weekday peak commuting into CBD stations; supports below-baseline with medium strength alongside the holiday and weather evidence.",SIYANG,2026-07-09T00:05:00+10:00
ME_20250702_WEATHER_DISRUPTION_042,MELBOURNE 2 JUL 2025 RAINY WEATHER DISRUPTION,WEATHER,PROJECT_WEATHER_FEATURES,,2026-07-08,2025-07-02T12:00:00+10:00,2025-07-02T20:00:00+10:00,Australia/Melbourne,MELBOURNE,MELBOURNE,,,CITY_WIDE,DECREASE,BELOW_BASELINE,HIGH,"Strong internal match: candidate records 10.4mm rain, 8 rainy hours and weather disruption across 12:00-20:00; sustained wet conditions support reduced outdoor CBD pedestrian activity and match below-baseline.",SIYANG,2026-07-09T00:20:00+10:00
ME_20250702_BOM_COOL_WET_CONTEXT_043,BOM MELBOURNE 2 JUL 2025 COOL WET CONTEXT,WEATHER,BOM,"https://www.bom.gov.au/climate/dwo/202507/html/IDCJDW3033.202507.shtml",2026-07-08,2025-07-02T12:00:00+10:00,2025-07-02T20:00:00+10:00,Australia/Melbourne,MELBOURNE_OLYMPIC_PARK,MELBOURNE,,,CITY_WIDE,DECREASE,BELOW_BASELINE,MEDIUM,"BOM confirms a cold 2 Jul with max 11.0C and some rain at Melbourne Olympic Park; supports reduced outdoor activity, but does not directly corroborate the candidate's 10.4mm rainfall amount.",SIYANG,2026-07-09T00:20:00+10:00
ME_20250702_MELBOURNE_COOLEST_DAY_044,MELBOURNE JULY 2025 COOLEST DAY ON 2 JULY,WEATHER,BOM,"https://www.bom.gov.au/climate/current/month/vic/archive/202507.melbourne.shtml",2026-07-08,2025-07-02T12:00:00+10:00,2025-07-02T20:00:00+10:00,Australia/Melbourne,MELBOURNE,MELBOURNE,,,CITY_WIDE,DECREASE,BELOW_BASELINE,MEDIUM,"BOM monthly summary identifies 2 Jul as Melbourne Olympic Park's coolest day of July 2025; cold winter daytime conditions support lower discretionary CBD walking, consistent with below-baseline.",SIYANG,2026-07-09T00:20:00+10:00
ME_20250702_HURSTBRIDGE_RAIL_DISRUPTION_BOUNDARY_045,MELBOURNE 2 JUL 2025 HURSTBRIDGE LINE EVENING RAIL REPLACEMENT,PUBLIC_TRANSPORT,BICYCLE_NETWORK,"https://bicyclenetwork.com.au/newsroom/2025/07/14/rail-disruptions-winter-2025/",2026-07-08,2025-07-02T20:30:00+10:00,2025-07-02T23:59:00+10:00,Australia/Melbourne,PARLIAMENT_STATION,MEL_CBD,,,PRECINCT,DECREASE,BELOW_BASELINE,LOW,"Weak boundary evidence: Hurstbridge replacement buses began after the candidate window, so this does not directly explain 12:00-20:00 below-baseline; it only suggests later evening transport disruption context.",SIYANG,2026-07-09T00:20:00+10:00
ME_20251012_MELBOURNE_MARATHON_046,NIKE MELBOURNE MARATHON FESTIVAL 2025,SPORTS_EVENT,MELBOURNE_MARATHON,"https://melbournemarathon.com.au/were-back-in-2025/",2026-07-08,2025-10-12T05:30:00+11:00,2025-10-12T14:00:00+11:00,Australia/Melbourne,BATMAN_AVENUE_MCG,MEL_CBD_EAST,,,NETWORK_WIDE,INCREASE,ABOVE_BASELINE,HIGH,"Strong match: Melbourne Marathon Festival was held on 12 Oct 2025; race-morning arrivals around MCG/Batman Avenue and CBD access routes support the 06:00-07:00 above-baseline pulse.",SIYANG,2026-07-09T00:35:00+10:00
ME_20251012_MARATHON_ROAD_CLOSURES_047,NIKE MELBOURNE MARATHON 2025 ROAD CLOSURES,ROAD_CLOSURE,MELBOURNE_MARATHON,"https://melbournemarathon.com.au/wp-content/uploads/2025/10/NMMF25_Residents_Notice_City_Melbourne-1.pdf",2026-07-08,2025-10-12T05:00:00+11:00,2025-10-12T14:00:00+11:00,Australia/Melbourne,MEL_CBD,MEL_CBD,,,NETWORK_WIDE,INCREASE,ABOVE_BASELINE,HIGH,"Strong time match: marathon road closures begin from 05:00 and overlap the 06:00-07:00 bucket; CBD/Flinders/St Kilda Road route impacts align with multiple sensors and support above-baseline.",SIYANG,2026-07-09T00:35:00+10:00
ME_20251012_MARATHON_MCG_ACCESS_048,NIKE MELBOURNE MARATHON 2025 MCG EARLY ACCESS,SPORTS_EVENT,MELBOURNE_MARATHON,"https://melbournemarathon.com.au/race-week/",2026-07-08,2025-10-12T05:30:00+11:00,2025-10-12T07:00:00+11:00,Australia/Melbourne,MCG,YARRA_PARK,,,PRECINCT,INCREASE,ABOVE_BASELINE,MEDIUM,"Good time match: race-day facilities open from 05:30 and spectator entry starts at 06:30; this supports early MCG-side arrivals, with medium strength for the wider CBD network.",SIYANG,2026-07-09T00:35:00+10:00
ME_20251012_MARATHON_PUBLIC_TRANSPORT_049,NIKE MELBOURNE MARATHON 2025 PUBLIC TRANSPORT ACCESS,PUBLIC_TRANSPORT,MELBOURNE_MARATHON,"https://melbournemarathon.com.au/road-closures/",2026-07-08,2025-10-12T06:00:00+11:00,2025-10-12T07:00:00+11:00,Australia/Melbourne,MEL_CBD,MEL_CBD,,,NETWORK_WIDE,INCREASE,ABOVE_BASELINE,MEDIUM,"Morning access match: event guidance highlights public transport and nearby stations including Richmond, Flinders St and Jolimont; supports early inbound movement through CBD transport corridors.",SIYANG,2026-07-09T00:35:00+10:00
ME_20251104_MELBOURNE_CUP_PUBLIC_HOLIDAY_050,VICTORIA MELBOURNE CUP PUBLIC HOLIDAY 2025,PUBLIC_HOLIDAY,BUSINESS_VICTORIA,"https://business.vic.gov.au/business-information/public-holidays/victorian-public-holidays-2025",2026-07-08,2025-11-04T00:00:00+11:00,2025-11-05T00:00:00+11:00,Australia/Melbourne,VICTORIA,STATE_WIDE,,,STATE_WIDE,DECREASE,BELOW_BASELINE,HIGH,"Strong date match: Melbourne Cup public holiday falls on Tuesday 4 Nov 2025; state-wide holiday status suppresses normal CBD commuter/business demand, supporting below-baseline during 05:00-07:00.",SIYANG,2026-07-09T00:45:00+10:00
ME_20251104_MELBOURNE_CUP_CORROBORATION_051,MELBOURNE CUP DAY PUBLIC HOLIDAY 2025 VICTORIA,PUBLIC_HOLIDAY,FAIR_WORK,"https://www.fairwork.gov.au/employment-conditions/public-holidays/2025-public-holidays",2026-07-08,2025-11-04T00:00:00+11:00,2025-11-05T00:00:00+11:00,Australia/Melbourne,VICTORIA,STATE_WIDE,,,STATE_WIDE,DECREASE,BELOW_BASELINE,HIGH,"Strong corroborating match: Fair Work lists Tuesday 4 Nov 2025 as Melbourne Cup in Victoria; this reinforces reduced weekday work travel into Melbourne CBD and matches the below-baseline direction.",SIYANG,2026-07-09T00:45:00+10:00
ME_20251104_MELBOURNE_CUP_RAIN_MORNING_052,MELBOURNE CUP DAY 2025 WET MORNING WEATHER,WEATHER,BOM,"https://www.bom.gov.au/climate/dwo/202511/html/IDCJDW3050.202511.shtml",2026-07-08,2025-11-04T05:00:00+11:00,2025-11-04T07:00:00+11:00,Australia/Melbourne,MELBOURNE_OLYMPIC_PARK,MELBOURNE,,,CITY_WIDE,DECREASE,BELOW_BASELINE,MEDIUM,"Good weather match: BOM records a wet 4 Nov and the candidate has rain during 05:00-07:00; wet early-morning conditions support reduced outdoor CBD walking, auxiliary to the public holiday effect.",SIYANG,2026-07-09T00:45:00+10:00
ME_20251104_MELBOURNE_CUP_TRAM_TIMETABLE_053,MELBOURNE CUP DAY 2025 PUBLIC HOLIDAY TRAM TIMETABLE,PUBLIC_TRANSPORT,YARRA_TRAMS,"https://www.facebook.com/YarraTrams/posts/due-to-the-melbourne-cup-public-holiday-on-tuesday-4-november-all-trams-run-to-a/1236672868499693/",2026-07-08,2025-11-04T05:00:00+11:00,2025-11-04T07:00:00+11:00,Australia/Melbourne,MEL_CBD,MEL_CBD,,,NETWORK_WIDE,DECREASE,BELOW_BASELINE,MEDIUM,"Direct morning-window match: Melbourne Cup public holiday tram frequencies reduce normal weekday peak movement through CBD corridors; supports below-baseline with medium strength alongside holiday and rain evidence.",SIYANG,2026-07-09T00:45:00+10:00
ME_20251104_MELBOURNE_CUP_RACE_DAY_054,LEXUS MELBOURNE CUP DAY 2025,FESTIVAL_EVENT,VRC,"https://www.vrc.com.au/race-days-and-events/2025-2026/lexus-melbourne-cup-day/",2026-07-08,2025-11-04T10:45:00+11:00,2025-11-04T18:00:00+11:00,Australia/Melbourne,FLEMINGTON_RACECOURSE,FLEMINGTON,,,PRECINCT,MIXED,UNCLEAR,LOW,"Same-day context only: Melbourne Cup races occur later at Flemington, not during 05:00-07:00; this supports the public-holiday/event context but does not directly explain the early CBD below-baseline bucket.",SIYANG,2026-07-09T00:45:00+10:00
ME_20251217_RMIT_GRADUATION_055,RMIT MELBOURNE GRADUATION CEREMONY 2025,MAJOR_EVENT,RMIT,"https://www.rmit.edu.au/students/news/2025/nov/james-grad-2025",2026-07-09,2025-12-17T15:00:00+11:00,2025-12-17T20:00:00+11:00,Australia/Melbourne,MARVEL_STADIUM,DOCKLANDS,,,NETWORK_WIDE,INCREASE,ABOVE_BASELINE,HIGH,"Strong event match: RMIT Graduation was held at Marvel Stadium on 17 Dec and can attract very large crowds; Docklands/Southern Cross access routes align with multiple CBD sensors, supporting above-baseline early in the window.",SIYANG,2026-07-09T01:00:00+10:00
ME_20251217_CHRISTMAS_SQUARE_056,MELBOURNE CHRISTMAS SQUARE 2025,FESTIVAL_EVENT,FED_SQUARE,"https://fedsquare.com/events/christmas-square",2026-07-09,2025-12-17T18:00:00+11:00,2025-12-17T23:30:00+11:00,Australia/Melbourne,FED_SQUARE,MEL_CBD,,,NETWORK_WIDE,INCREASE,ABOVE_BASELINE,MEDIUM,"Good evening match: Christmas Square runs through the candidate evening at Fed Square; festive CBD activity supports above-baseline across central sensors, but does not explain the full window to 01:00.",SIYANG,2026-07-09T01:00:00+10:00
ME_20251217_QVM_SUMMER_NIGHT_MARKET_057,QUEEN VICTORIA MARKET SUMMER NIGHT MARKET 17 DEC 2025,NIGHT_MARKET,QVM_INSTAGRAM,"https://www.instagram.com/reel/DSPPKBvkZvG/",2026-07-09,2025-12-17T17:00:00+11:00,2025-12-17T22:00:00+11:00,Australia/Melbourne,QUEEN_VICTORIA_MARKET,QVM_PRECINCT,,,PRECINCT,INCREASE,ABOVE_BASELINE,MEDIUM,"Strong time match: QVM Summer Night Market runs during the evening window; it supports extra night-time pedestrian activity, but the effect is precinct-level rather than fully network-wide.",SIYANG,2026-07-09T01:00:00+10:00
ME_20251217_STATE_LIBRARY_CHRISTMAS_PROJECTIONS_058,STATE LIBRARY VICTORIA CHRISTMAS PROJECTIONS 2025,FESTIVAL_EVENT,TO_THOT_OR_NOT,"https://tothotornot.com/melbourne-christmas-lights/",2026-07-09,2025-12-17T21:00:00+11:00,2025-12-17T23:00:00+11:00,Australia/Melbourne,STATE_LIBRARY_VICTORIA,MEL_CBD,,,PRECINCT,INCREASE,ABOVE_BASELINE,MEDIUM,"Good night match: State Library Christmas projections run 21:00-23:00 and align with Swanston/central CBD sensors; supports above-baseline but only for part of the window.",SIYANG,2026-07-09T01:00:00+10:00
ME_20251225_CHRISTMAS_DAY_PUBLIC_HOLIDAY_059,VICTORIA CHRISTMAS DAY PUBLIC HOLIDAY 2025,PUBLIC_HOLIDAY,BUSINESS_VICTORIA,"https://business.vic.gov.au/business-information/public-holidays/victorian-public-holidays-2025",2026-07-09,2025-12-25T00:00:00+11:00,2025-12-26T00:00:00+11:00,Australia/Melbourne,VICTORIA,STATE_WIDE,,,STATE_WIDE,DECREASE,BELOW_BASELINE,HIGH,"Strong date match: Christmas Day falls on Thursday 25 Dec 2025; state-wide public holiday status suppresses normal weekday CBD commuter/business demand across the long 05:00-19:00 window.",SIYANG,2026-07-09T01:10:00+10:00
ME_20251225_RESTRICTED_TRADING_DAY_060,VICTORIA CHRISTMAS DAY RESTRICTED TRADING 2025,BUSINESS_CLOSURE,BUSINESS_VICTORIA,"https://business.vic.gov.au/business-information/public-holidays/operating-on-a-restricted-trading-day",2026-07-09,2025-12-25T05:00:00+11:00,2025-12-25T19:00:00+11:00,Australia/Melbourne,VICTORIA,STATE_WIDE,,,STATE_WIDE,DECREASE,BELOW_BASELINE,HIGH,"Strong closure match: Christmas Day is a restricted trading day in Victoria, with only exempt shops permitted to open; this strongly supports reduced CBD retail and business-related footfall.",SIYANG,2026-07-09T01:10:00+10:00
ME_20251225_QVM_CHRISTMAS_CLOSURE_061,QUEEN VICTORIA MARKET CHRISTMAS DAY 2025 CLOSURE,BUSINESS_CLOSURE,AUSTRALIAN_RETAILERS_ASSOCIATION,"https://www.retail.org.au/news-and-insights/melbourne-christmas-trading-hours",2026-07-09,2025-12-25T05:00:00+11:00,2025-12-25T19:00:00+11:00,Australia/Melbourne,QUEEN_VICTORIA_MARKET,QVM_PRECINCT,,,SITE_SPECIFIC,DECREASE,BELOW_BASELINE,LOW,"Local closure match: QVM is listed closed on Christmas Day, supporting reduced activity around the QVM sensor area; explanatory value is local rather than network-wide.",SIYANG,2026-07-09T01:10:00+10:00
ME_20251225_CHRISTMAS_PUBLIC_TRANSPORT_062,MELBOURNE CHRISTMAS DAY 2025 PUBLIC TRANSPORT PATTERN,PUBLIC_TRANSPORT,PREMIER_OF_VICTORIA,"https://www.premier.vic.gov.au/extra-services-and-free-public-transport-these-holidays",2026-07-09,2025-12-25T05:00:00+11:00,2025-12-25T19:00:00+11:00,Australia/Melbourne,MEL_CBD,MEL_CBD,,,NETWORK_WIDE,DECREASE,BELOW_BASELINE,MEDIUM,"Mixed but supportive: Christmas Day public transport is free but runs to a Sunday timetable, so normal weekday CBD commuting remains suppressed; supports below-baseline with medium strength.",SIYANG,2026-07-09T01:10:00+10:00
ME_20251225_SUMMER_SCHOOL_HOLIDAY_063,VICTORIA SUMMER SCHOOL HOLIDAY ON CHRISTMAS DAY 2025,SCHOOL_HOLIDAY,VIC_GOV,"https://www.vic.gov.au/school-term-dates-and-holidays-victoria",2026-07-09,2025-12-25T05:00:00+11:00,2025-12-25T19:00:00+11:00,Australia/Melbourne,VICTORIA,STATE_WIDE,,,STATE_WIDE,DECREASE,BELOW_BASELINE,LOW,"Supporting calendar match: 25 Dec falls after the 2025 Term 4 finish date, reducing school-related movement; low explanatory value because Christmas public holiday and trading closures are the main drivers.",SIYANG,2026-07-09T01:10:00+10:00
ME_20250526_QVM_NO_MATCHING_EVENT_064,QVM 26 MAY 2025 NO MATCHING NIGHT EVENT FOUND,UNKNOWN_CONTEXT,QVM,"https://qvm.com.au/visit-us/",2026-07-09,2025-05-26T20:00:00+10:00,2025-05-27T03:00:00+10:00,Australia/Melbourne,QUEEN_VICTORIA_MARKET,QVM_PRECINCT,,,SENSOR_SPECIFIC,MIXED,UNCLEAR,LOW,"No strong matching QVM event found: 26 May was a Monday outside regular QVM trading hours, and Winter Night Market had not started yet; isolated sensor-49 above-baseline is more likely unresolved local/sensor-specific context than a confirmed event.",SIYANG,2026-07-09T01:20:00+10:00